{"cameraMode":{"drawMode":0,"name":"Shaded","section":"Shading Mode"},"sceneLighting":true,"audioPlay":false,"sceneViewState":{"showFog":true,"showMaterialUpdate":false,"showSkybox":true,"showFlares":true,"showImageEffects":true,"showParticleSystems":true},"in2DMode":false,"pivot":{"x":-669.377197265625,"y":-228.11520385742188,"z":5.5673828125},"rotation":{"x":0.022237038239836694,"y":-0.9760534763336182,"z":0.12097196280956269,"w":0.17941860854625703},"size":2676.780029296875,"orthographic":false}