{"cameraMode":{"drawMode":0,"name":"Shaded","section":"Shading Mode"},"sceneLighting":true,"audioPlay":false,"sceneViewState":{"showFog":true,"showMaterialUpdate":false,"showSkybox":true,"showFlares":true,"showImageEffects":true,"showParticleSystems":true},"in2DMode":false,"pivot":{"x":-394.66650390625,"y":-66.20904541015625,"z":731.140380859375},"rotation":{"x":-0.06832817941904068,"y":0.8010324835777283,"z":-0.0931844487786293,"w":-0.5873626470565796},"size":1151.3074951171875,"orthographic":false}