{"cameraMode":{"drawMode":0,"name":"Shaded","section":"Shading Mode"},"sceneLighting":true,"audioPlay":false,"sceneViewState":{"showFog":true,"showMaterialUpdate":false,"showSkybox":true,"showFlares":true,"showImageEffects":true,"showParticleSystems":true},"in2DMode":false,"pivot":{"x":-542.9938354492188,"y":-259.9845886230469,"z":837.3042602539063},"rotation":{"x":-0.08176719397306442,"y":0.9121461510658264,"z":-0.22351695597171784,"w":-0.333682119846344},"size":1982.0955810546875,"orthographic":false}